name;phone_number;email;address;birthday
Марія Байда;+380 (85) 838-94-94;iarema60@example.org;набережна Грецька, буд. 2 кв. 659, Перемишляни, 95133;1972-11-17
пан Остап Гресь;320 45 06;odarkahaidabura@example.com;шосе Давида Ойстраха, буд. 9, Вижниця, 96315;1999-04-07
пан Павло Іванченко;068 334-50-80;liubovsatsiuk@example.com;набережна Лермонтовський, буд. 2 кв. 351, Кадіївка, 75921;1990-08-22
Тарас Ґерус;+380 63 813 41 97;bavramenko@example.com;провулок Ніжинська, буд. 7 кв. 543, Люботин, 54563;1988-08-20
Олена Чорновіл;+380 98 170-01-20;demydenkoliliia@example.com;провулок Кришталевий, буд. 189, Моршин, 82668;2021-01-12
Оксенія Левченко;+380 (25) 858-69-61;gandriichuk@example.com;провулок Південна, буд. 1, Бунге , 55255;1980-03-27
Орися Сіробаба;086 207-89-64;danna84@example.net;провулок Пересипська 1-ша, буд. 74 кв. 95, Буринь, 33289;1970-01-11
пан Святослав Пушкар;+380 42 410-43-11;ievtushokklyment@example.net;вулиця Керченський 1-й, буд. 19, Тиврів, 52680;1991-08-03
Ірина Чекалюк;969 14 95;ffurs@example.net;провулок Ангарська, буд. 3, Мирноград, 61585;2021-09-19
Аніта Чайка;+380 (85) 528-82-67;zarudnyinataliia@example.org;сквер Думська, буд. 77, Гайсин, 33101;1988-02-20
Лілія Лубенець;+380 96 591-15-03;zynovii59@example.org;сквер Спаський, буд. 1, Герца, 51466;2020-01-20
Ірена Негода;964-25-01;bohodarzasiadko@example.org;сквер Полуничний, буд. 906 кв. 47, Амвросіївка, 95347;2018-11-23
Борислав Бевз;392 68 76;kyrylo02@example.com;проспект Миколи Вороного, буд. 7, Ворожба, 22276;2003-09-16
Ліза Козаченко;911 03 15;babychenkookseniia@example.net;провулок Лугова, буд. 857, Ізмаїл, 35605;2007-04-30
Богуслава Полтавець;+380 75 507-61-03;derehusserhii@example.org;провулок Рекордний, буд. 25 кв. 372, Дружба , 04647;2014-08-14
Спас Рак;084 851-92-88;leontiibandera@example.net;проспект Суворовська, буд. 310, Моршин, 84034;2018-12-01
Юстина Габелко;044-35-84;markoiefymenko@example.org;проспект Спартаківська, буд. 44, Стрий, 72728;1991-09-04
Алла Шаблій;470-26-86;zvatamaniuk@example.net;парк Амурський 2-й, буд. 230, Кам'янка-Дніпровська, 24853;1970-12-21
Михайлина Чарниш;+380 79 664-11-20;zynovii02@example.com;шосе Інглезі, буд. 5 кв. 10, Снятин, 24925;1986-06-21
Володимир Іващенко;+380 09 011-50-31;ielysavetaoliinyk@example.net;парк Маріїнська, буд. 8, Сновськ, 17080;2007-10-25
Маруся Давимука;+380 98 229-22-91;iukhym44@example.com;площа Рибальська, буд. 119, Яготин, 52517;1997-10-14
Марта Чабан;016 221 43 19;lemeshkosolomon@example.com;узвіз Зарічна, буд. 0 кв. 161, Рені, 92383;1980-11-21
Галина Артимович;+380 08 013-24-69;ravramenko@example.org;площа 16-та Лінія 6-й ст. Люстдорфської дороги, буд. 28, Амвросіївка, 59505;2001-06-16
Ірена Гаврилюк;752 49 98;ustymzhalilo@example.net;площа Дюківська, буд. 9 кв. 0, Черкаси, 88380;1994-08-13
пані Дарина Саєнко;+380 (97) 675-76-52;prykhodkoleonid@example.com;набережна Скворцова, буд. 01, Тиврів, 68676;1984-12-08
Хома Юрчук;+380 82 468-52-40;oryna80@example.net;проспект Лінія 53-тя, буд. 80, Кременчук, 67489;1981-02-11
Юстина Акименко;+380 01 640-91-71;ulavrenko@example.org;узвіз Кругова, буд. 4, Городня, 69249;1977-06-22
Миколай Ващенко;029 894-99-34;yzhalilo@example.org;сквер Кренкеля, буд. 0, Добропілля, 92900;1996-01-17
Леопольд Мірошниченко;538-99-80;tymchukorest@example.org;вулиця Матроська Слобідка, буд. 4 кв. 49, Звенигородка, 25358;1978-06-17
пані Валентина Короленко;002 451 23 46;volodymyra14@example.org;вулиця Італійський, буд. 314, Збараж, 10122;1986-09-11
Розалія Скирда;+380 67 732 20 59;iarynazaporozhets@example.org;узвіз Мічманський 1-й, буд. 20, Кодима, 60338;2019-06-15
Семен Єресько;+380 57 041-75-55;dmytroshelest@example.net;парк Ковалевського узвіз, буд. 38 кв. 51, Бахмач, 13450;2010-12-03
Тереза Сомко;+380 (73) 540-32-60;markovyshyvanyi@example.net;шосе Лінія 41-ша, буд. 018, Нетішин, 06683;1985-02-02
Герман  Тихий;+380 82 909-88-70;oleksandr78@example.org;проспект Софії Перовської, буд. 81 кв. 8, Копичинці, 02899;1991-08-28
Артем Малишко;182-12-64;tereza36@example.org;шосе Десятого квітня, буд. 68, Звенигородка, 08851;2012-07-16
пан Артем Конопленко;080 126-44-49;ybabko@example.com;провулок Керченська, буд. 77, Чигирин, 15766;2010-03-12
Амалія Медведенко;+380 96 469-82-56;datsiukihor@example.net;шосе Тираспольське, буд. 0 кв. 3, Южне, 05827;2021-03-31
Світлана Мамчур;085 80 64;qdanylenko@example.net;парк Отамана Головатого, буд. 2 кв. 40, Костянтинівка, 38005;2015-08-15
Пармен Яремків;700-05-19;taras60@example.net;парк Івасюка Володимира, буд. 44 кв. 9, Богодухів, 65523;1981-05-16
Мілена Панчук;+380 69 683-64-74;uivanchenko@example.org;провулок Восьмого березня узвіз, буд. 7, Радомишль, 37932;1996-02-11
Мілена Ісаєнко;+380 85 211-63-51;violetta30@example.com;вулиця Матюшенка, буд. 349 кв. 1, Вовчанськ, 92275;1983-04-02
Опанас Гайда;+380 (94) 745-63-55;okhrimfomenko@example.org;сквер Ползунова 2-й, буд. 65 кв. 74, Сарни, 04589;2019-04-20
Пріска Перепелиця;054 185-05-33;anita51@example.com;шосе Академіка Вільямса, буд. 019, Рені, 74618;1993-09-16
Віолетта Балабан;018 728 84 07;skybaklavdiia@example.org;набережна Ольгіївський узвіз, буд. 159 кв. 392, Могилів-Подільський, 74445;1996-02-03
Пріска Щербань;418-84-10;havrysherika@example.net;сквер Проектний 5-й, буд. 679 кв. 464, Жовті Води, 65103;1998-02-14
Ростислав Петрик;033 83 91;azarvalenko@example.com;шосе Варненська, буд. 73 кв. 06, Тисмениця, 93657;2012-07-19
Алевтин Дергач;085 13 05;cherednyknestor@example.net;набережна Новикова, буд. 6, Українськ, 33821;2013-05-21
Аліна Колодуб;075 867 02 84;roksolana49@example.org;вулиця Новікова 2-га, буд. 134 кв. 174, Нетішин, 11266;1978-09-02
пані Олена Теліженко;+380 28 865-58-56;ostap85@example.com;проспект Тимірязєва, буд. 425 кв. 77, Каховка, 77778;1976-09-13
Варвара Щербак;+380 (51) 256-25-20;eduard06@example.net;набережна Залізничний 3-й, буд. 982, Сколе, 12083;1985-05-25
Богданна Лавренко;+380 73 183-93-60;irynashvaika@example.net;провулок Новгородська, буд. 312 кв. 2, Бобринець, 72446;2011-10-21
Тетяна Романець;+380 86 682-85-48;liza69@example.org;набережна Тираспольська, буд. 50 кв. 5, Ізюм, 65182;1989-12-17
Анастасія Нестайко;303 64 88;vladyslavromanchuk@example.net;сквер Прибережний, буд. 0 кв. 81, Українськ, 38324;1976-03-02
пан Захар Остапчук;+380 23 264-77-28;okseniiavernydub@example.net;парк Лінія 55-та, буд. 67, Гола Пристань, 09557;2018-12-23
Орися Цибуленко;003 938-55-43;mlysenko@example.com;набережна Степана Разіна, буд. 529, Донецьк, 36866;2015-08-20
Ліза Забашта;061 511 48 53;viktoriialytvyn@example.net;узвіз Артезіанська, буд. 927 кв. 946, Перевальськ, 69367;1976-04-28
Йосип Лубенець;508 33 66;hudovychenko@example.org;провулок Василя Кандинського, буд. 81, Бурштин , 59965;1984-06-05
Устим Перепелиця;+380 13 680-28-34;albertierchenko@example.org;набережна Лютнева, буд. 72, Красноград, 04725;2019-11-23
Соломон Хоменко;088 983 69 75;valentyna42@example.org;набережна Хаджибейський 3-й, буд. 11, Костопіль, 61023;1995-05-12
Одарка Вернигора;+380 79 514 39 22;fchalyi@example.net;узвіз Бахчева, буд. 57, Дніпрорудне, 24473;2002-09-01
Йосип Дзиндра;702 18 04;sbezborodky@example.net;проспект Шишкіна, буд. 502, Одеса, 74583;1981-05-23
Микита Негода;+380 (37) 890-93-26;tkachhalyna@example.net;узвіз Плієва, буд. 37, Камінь-Каширський, 67278;2010-01-06
Аркадій Авраменко;002 329 21 70;andrii25@example.net;набережна Юрія Яновського, буд. 320, Джанкой, 38148;1988-09-28
Назар Воблий;090 901-46-80;iarynababychenko@example.org;провулок Південна дорога, буд. 83 кв. 936, Березань , 52462;2003-08-18
Орхип Мірошниченко;233 18 39;teodoroberemko@example.org;проспект Травневий 5-й, буд. 7 кв. 560, Очаків, 84296;1992-08-23
пан Марко Цюцюра;098 503 73 15;shukhevychalla@example.com;провулок Лиманчик 2-й Лінія 5-та, буд. 171, Косів, 41475;1983-09-23
Артем Непорожній;047 170 96 77;mchupryna@example.net;шосе 6-та Суворовська, буд. 5 кв. 12, Гадяч, 88433;2006-01-27
Пантелеймон Девдюк;+380 (67) 791-33-81;isheremet@example.net;проспект Агрономічна, буд. 1, Хуст, 97702;2007-07-16
Василина Ємельяненко;095 758-66-11;orysiaatroshchenko@example.com;парк Сергія Ядова, буд. 312, Джанкой, 44032;2018-04-13
Аліна Бабійчук;+380 19 752-44-69;agzhytskyi@example.org;вулиця Олександра Невського 4-й, буд. 7, Обухів, 44508;1980-05-17
Остап Ковалюк;070 115 09 35;skyrdaoles@example.org;парк Леваневського, буд. 0, Залізне, 75052;1991-01-15
Ліза Захаренко;+380 74 377-98-11;vzaichenko@example.net;набережна Скляний 2-й, буд. 837 кв. 0, Вознесенськ, 91530;1984-09-05
Леон Петлюра;+380 (35) 232-51-50;edeineka@example.org;проспект Сашка Хорошенка, буд. 3, Дебальцеве, 59316;2010-02-06
Онисим Фартушняк;+380 30 551 47 44;leopoldzaichenko@example.net;площа Жаботинського, буд. 46, Боково-Хрустальне, 48459;1980-04-09
Пріска Артимишин;614-39-53;cherinkooryna@example.com;вулиця Глиняна, буд. 28 кв. 4, Іршава, 77059;2007-05-31
Лілія Шведченко;006 328-78-39;herman-akymenko@example.org;сквер Сирітський 2-й, буд. 331, Устилуг, 88782;2010-07-08
Єлисавета Карпенко;+380 65 717-42-37;bohuslava43@example.net;шосе Паркова, буд. 792, Валки , 76276;1970-01-23
Юстина Михалюк;074 477-58-32;fastenkovalentyna@example.org;узвіз Тираспольське, буд. 88, Докучаєвськ, 64261;1970-08-13
Валентина Охріменко;+380 08 279-82-77;baklanliudmyla@example.com;шосе Семафорний, буд. 1, Кипуче, 59727;1998-09-07
Єлисавета Базилевський;+380 13 848 00 80;givanenko@example.org;узвіз Восьмого Березня Лінія 4-та, буд. 3, Южноукраїнськ, 85693;1975-05-30
Гордій Височан;+380 02 072-36-23;izhakvladyslav@example.org;шосе Овідіопольський, буд. 0, Луганськ, 92547;1998-04-16
Федір Ільченко;+380 44 269-52-48;stanislavtelychenko@example.org;шосе Овідіопольська дорога, буд. 9, Звенигородка, 60433;1985-08-10
Одарка Цюцюра;+380 48 737-27-37;leoniddanchuk@example.com;сквер Ковиловий, буд. 1, Мирноград, 82385;1996-08-29
Оксенія Скоробогатько;+380 97 465 35 91;iryna55@example.org;площа Цегельнозаводська, буд. 695 кв. 0, Болехів, 85612;2010-03-21
Оксана Данчук;+380 (22) 147-16-48;lukian48@example.net;набережна Дельфін, буд. 6, Нетішин, 53426;1982-10-20
Адам Піддубний;488-60-07;liudmylaarsenych@example.net;проспект Тупиковий 2-й, буд. 3 кв. 16, Кодима, 57188;2021-10-26
Марʼяна Цісик;060 763 66 57;ihnat03@example.com;набережна Різовська, буд. 1 кв. 1, Кам'янець-Подільський, 19399;2022-05-01
пані Еріка Вітрук;+380 94 996-14-34;chervonenkoemiliia@example.org;парк Листяна, буд. 447, Прип'ять , 01577;2018-10-09
Гліб Вдовиченко;+380 (60) 757-95-10;oleksakabaliuk@example.net;узвіз Середня, буд. 7, Березівка, 84312;2001-06-25
Ілля Асаула;055 631 34 53;irena90@example.com;вулиця Морська, буд. 387, Ровеньки, 80861;2012-05-12
Мирон Абраменко;028 659 02 99;stefan07@example.net;узвіз Тракторна, буд. 01, Чигирин, 13571;2008-03-06
Миколай Гоголь-Яновський;159-42-89;ihnat48@example.net;провулок Балтська дорога, буд. 9, Перещепине, 59933;1979-07-05
Сніжана Рудик;040 651 60 39;tkashchenko@example.org;проспект Теліги Олени, буд. 536 кв. 18, Калуш, 79447;2021-07-08
Ірена Швайка;+380 34 466-68-95;valentynavivcharenko@example.com;вулиця Юрія Яновського, буд. 4 кв. 282, Рахів, 09610;2011-09-13
Оксенія Гавришкевич;+380 (37) 647-22-91;charnyshalbert@example.com;узвіз Лінія 48-ма, буд. 86 кв. 6, Тлумач, 04771;1996-07-31
Костянтин Артимович;403-55-70;olha78@example.org;вулиця Висоцького, буд. 0, Сколе, 52489;1988-09-15
Прохір Ґжицький;+380 (54) 174-15-62;tsymbaliukoryna@example.com;шосе Базарна, буд. 8, Калинівка , 70404;2017-07-14
Богдан Євтушок;054 243-56-44;vitalii15@example.org;сквер Приморський, буд. 61, Одеса, 82947;1985-10-15
Олекса Іваничук;+380 (05) 994-33-70;zmalyk@example.net;площа Академіка Вавилова, буд. 0 кв. 3, Глобине, 41379;2001-10-13
Богданна Щириця;+380 02 150-84-81;dotsenkoustym@example.org;набережна Мазепи Івана, буд. 47 кв. 12, Семенівка, 19871;2009-10-27
Олекса Заєць;+380 91 056-63-86;ioliinyk@example.org;вулиця Марсельська, буд. 36 кв. 0, Вижниця, 60002;2014-04-02
Любов Бевзенко;+380 34 605-02-62;ielysaveta00@example.org;узвіз Артилерійський 2-й, буд. 59, Кременець, 67631;2002-09-03
Олесь Балабан;+380 57 762-83-82;ievaumanets@example.com;сквер Шухевича Романа, буд. 8 кв. 89, Енергодар, 31248;1995-11-19
Венедикт Балабан;422 99 16;alevtyn51@example.com;набережна Самарська, буд. 727 кв. 3, Хмільник, 98654;1985-12-02
Наталія Євтушенко;+380 60 827 02 40;konoplenkovioletta@example.org;провулок Житомирська, буд. 157, Зеленодольськ, 82175;2016-04-22
Гліб Вдовиченко;+380 52 606 01 59;myron51@example.com;сквер Овідіопольська дорога, буд. 865, Носівка, 23897;1999-01-30
Станіслав Безбородько;287 34 66;xdubyna@example.com;сквер Дюківська, буд. 437, Київ, 38186;2011-05-04
Ада Хоменко;097 942 25 59;bohdannagerega@example.org;шосе Чорноморський 6-й, буд. 22 кв. 56, Довжанськ, 84831;2013-01-05
Віктор Ярош;+380 41 252-71-24;dperepelytsia@example.net;провулок Деревообробний 2-й, буд. 92, Люботин, 78788;2010-08-14
Аарон Вакарчук;+380 70 139-07-43;haidaavhustyn@example.net;узвіз Черепанових 2-й, буд. 0 кв. 08, Сокаль, 65074;2012-01-01
Климент Стус;089 648 39 14;cherednykvarfolomii@example.org;сквер Лютневий 1-й, буд. 5, Кременчук, 79061;1982-07-05
пані Єва Ющенко;+380 68 249 26 59;fperebyinis@example.net;набережна Нова, буд. 3 кв. 0, Мостиська, 71243;2018-11-10
Вʼячеслав Юрчук;265-76-74;alekseienkozorian@example.net;сквер Історія Футболу, буд. 22, Збараж, 73748;1994-03-25
Лариса Хорішко;038 927-17-20;pavlo51@example.com;провулок Пересипська 10-та, буд. 73, Берегове, 59090;2005-07-26
Надія Андрощук;+380 47 814 92 53;ielysavetairvanets@example.net;вулиця Луцька, буд. 420, Голубівка, 11134;1992-12-29
Ярина Бабко;+380 (74) 881-93-34;dturkalo@example.com;узвіз Толбухіна, буд. 4 кв. 031, Докучаєвськ, 90538;1977-08-29
Віолетта Ірванець;+380 (68) 016-22-55;tsybulenkobohuslava@example.net;сквер Траса Здоров'я, буд. 29, Самбір, 76730;1995-02-20
Борис Макаренко;086 361 30 00;ihorhupalo@example.com;парк Удільний, буд. 6 кв. 668, Житомир, 95233;1997-08-29
Оксенія Атаманчук;+380 67 351-68-88;darynapavlyk@example.org;парк Байкальська, буд. 027 кв. 2, Лохвиця, 20623;1979-12-04
Світлана Данько;636 22 65;lskopenko@example.org;проспект Дмитрія Донського, буд. 4, Косів, 52017;2007-10-08
